{
   "A": {
      "columns": 4,
      "data": {
         "array": [
            [
               1.0,
               0.0,
               1.0,
               0.0
            ],
            [
               0.0,
               1.0,
               0.0,
               1.0
            ],
            [
               1.0,
               2.0,
               3.0,
               4.0
            ],
            [
               8.0,
               0.0,
               1.0,
               4.0
            ]
         ]
      },
      "rows": 4
   },
   "B": {
      "columns": 4,
      "data": {
         "array": [
            [
               12.0,
               3232.0,
               89.2,
               3802183.0
            ],
            [
               90123.0,
               232.32323,
               0.2323,
               1332.0
            ],
            [
               8.23,
               9.000008,
               7.123123,
               91.0
            ],
            [
               0.1,
               0.02,
               0.003,
               0.0004
            ]
         ]
      },
      "rows": 4
   },
   "C": {
      "columns": 3,
      "data": {
         "1:1": 1.0
      },
      "rows": 3
   },
   "D": {
      "columns": 3,
      "data": {
         "array": [
            [
               999.0,
               999.0,
               999.0
            ],
            [
               123123123.0,
               879124781.0,
               80129381.0
            ],
            [
               10203912.0,
               888282.0,
               1e-10
            ]
         ]
      },
      "rows": 3
   },
   "E": {
      "columns": 2,
      "data": {
         "array": [
            [
               0.25,
               0.5
            ],
            [
               0.75,
               1.0
            ]
         ]
      },
      "rows": 2
   }
}